_mb_row_id,Unnamed Column,ID,Fid,Cd Mun,Nm Mun,Sigla Uf,Ckey,Populacao,Nota Veg,Nota Area,Nota Relevo,Nota P Q1,Nota P Q2,Nota P Q3,Nota P Q4,Nota Insalub,Nota Insalub 2,Area Cidade,Area Georef,Percent Area Georef,Num Imoveis,Area Car Total,Area Car Media,Perimetro Total Car,Perimetro Medio Car,Area Max Perim,Nota Total Q1,Nota Total Q2,Nota Total Q3,Nota Total Q4,Nota Media,Valor Mun Perim,Valor Mun Area
1,0,1,1,2.708.600,sao miguel dos campos,AL,sao miguel dos campos al,51.783,"2,3","2,22","2,5","4,55","9,63","5,65","6,09","2,62","4,76","35.168,74","343.700.899,36","97,73",163,"28.178,93","188,49","1.303,06","7,99","508,56",15,20,16,17,17,"1.168.882,98","20.553.313.781,77"
2,1,2,2,2.701.407,campo alegre,AL,campo alegre al,32.010,"2,14","2,44","2,5","4,53","9,47","5,57","6,16","1,68","4,8","32.733,3","320.974.144,15","98,06",165,"28.069,47","175,02","835,4","5,06","203,99",14,19,15,16,16,"749.374,88","19.194.253.819,91"
3,2,3,3,2.700.102,agua branca,AL,agua branca al,19.003,"2,46","4,91","2,5","4,62","6,93","4,36","6,77","0,15","0,64","49.218,72","485.549.891,23","98,65",1.851,"24.848,86","14,58","2.458,05","1,33","14,03",16,18,15,18,17,"2.204.945,88","29.035.883.495,65"
4,3,4,4,2.703.205,igreja nova,AL,igreja nova al,21.371,"2,15","7,9","4,5","4,51","9,35","5,49","6,3","0,067","1,04","44.722,77","437.969.008,5","97,93",5.832,"37.501,99","9,43","6.685,56","1,15","10,46",20,25,21,22,22,"5.997.145,85","26.190.546.708,05"
5,4,5,5,2.709.103,taquarana,AL,taquarana al,18.968,"2,15","7,83","4,5","4,54","9,06","5,39","6,23","0,15","1,57","16.085,42","154.140.002,44","95,83",1.608,"9.451,2","6,61","1.493,34","0,93","6,86",20,25,21,22,22,"1.339.573,74","9.217.572.146,19"
6,5,6,6,2.709.152,teotonio vilela,AL,teotonio vilela al,37.986,"2,2","2,88","2,5","4,52","9,49","5,57","6,2","0,17","5,09","31.306,29","304.337.209,54","97,21",956,"24.135,93","28,62","2.028,8","2,12","35,84",13,18,14,15,15,"1.516.568,7","15.165.123.151,17"
7,6,7,7,2.701.902,cha preta,AL,cha preta al,5.877,"2,26","2,87","7,5","4,59","9,01","5,4","6,1",0,0,"16.522,82","164.457.285,44","99,53",384,"13.516,48","38,62","927,41","2,42","46,42",18,23,19,20,20,"831.913,12","9.834.545.669,32"
8,7,8,8,2.705.804,olho dagua do casado,AL,olho dagua do casado al,8.342,"2,44","4,04","4,5","4,59","7,17","4,46","6,74","0,3","0,23","34.048,38","310.807.724,23","91,28",949,"21.182,82","25,51","1.730,89","1,82","26,47",17,19,17,19,18,"1.552.656,55","18.586.301.908,74"
9,8,9,9,2.704.500,maragogi,AL,maragogi al,31.977,"2,52","2,87","7,5","4,71","9,95","5,78","5,7","2,63","2,43","35.147,47","338.341.275,96","96,26",770,"27.288,62","43,79","1.374,05","1,78","25,34",21,26,22,22,23,"1.232.563,89","20.232.808.302,19"
10,9,10,10,2.707.602,quebrangulo,AL,quebrangulo al,11.056,"2,38","4,3","7,5","4,57","8,85","5,32","6,18","0,16","1,51","33.451,28","305.301.149,79","91,27",1.106,"23.764,89","23,95","2.010,19","1,82","26,29",20,24,21,22,22,"1.803.196,95","18.257.008.757,6"
11,10,11,11,2.700.607,barra de sao miguel,AL,barra de sao miguel al,7.907,"2,55","2,4","2,5","4,55","9,84","5,74","6,03","0,32","3,12","7.793,83","71.906.399,4","92,26",53,"5.404,38","119,37","260,87","4,92","192,79",13,19,15,15,16,"234.009,7","4.300.002.684,38"
12,11,34,34,2.704.302,maceio,AL,maceio al,953.326,"2,64","2,3","7,5","4,59","9,86","5,76","5,92","1,57","2,82","53.469,47","411.036.195,62","76,87",149,"31.192,34","226,2","882,18","5,92","278,95",20,25,21,21,22,"791.340,44","24.579.964.497,94"
13,12,12,12,2.704.104,lagoa da canoa,AL,lagoa da canoa al,18.428,"2,1","8,63","4,5","4,52","8,92","5,31","6,33",0,"1,92","8.733,06","82.768.933,12","94,78",1.076,"4.903,01","5,1","979,02","0,91","6,59",21,25,22,23,23,"878.210,07","4.949.582.200,87"
14,13,13,13,2.707.206,poco das trincheiras,AL,poco das trincheiras al,12.480,"2,25","7,95","4,5","4,57","7,79","4,79","6,52",0,"0,036","29.634,43","294.035.682,97","99,22",2.959,"22.035,26","8,42","3.341,62","1,13","10,15",20,23,20,22,21,"2.997.532,21","17.583.333.841,78"
15,14,14,14,2.701.100,branquinha,AL,branquinha al,9.376,"2,47","2,66","7,5","4,6","9,27","5,52","6,01","1,23","0,81","17.644,32","175.087.339,17","99,23",202,"13.233,92","70,96","592,19","2,93","68,39",19,24,20,21,21,"531.216,64","10.470.222.882,31"
16,15,15,15,2.702.405,delmiro gouveia,AL,delmiro gouveia al,51.193,"2,47","2,92","2,5","4,62","6,79","4,27","6,83","0,27","1,13","65.240,93","560.417.821,95","85,9",1.100,"30.270,11","29,95","2.548,84","2,32","42,73",14,16,13,16,15,"1.905.308,43","27.925.620.067,94"
17,16,16,16,2.708.303,sao jose da laje,AL,sao jose da laje al,20.805,"2,31","2,87","7,5","4,63","9,11","5,45","5,98","0,83","1,67","26.898,09","265.609.608,78","98,75",554,"22.325,11","42,46","1.012,15","1,83","26,56",19,24,20,20,21,"907.931,83","15.883.454.605,08"
18,17,17,17,2.703.700,jaramataia,AL,jaramataia al,4.983,"2,17","2,91","4,5","4,53","8,48","5,1","6,42","0,43","0,31","10.995,98","109.106.723,77","99,22",435,"8.601,5","22,15","745,39","1,71","23,37",16,19,16,17,17,"668.634,64","6.524.582.081,51"
19,18,18,18,2.703.759,jequia da praia,AL,jequia da praia al,9.453,"2,34","2,07","2,5","4,54","9,78","5,71","6,09","0,15","2,34","35.056,77","325.563.683,08","92,87",184,"29.661,41","168,25","1.003,86","5,46","236,86",13,18,14,14,15,"750.404,22","16.222.838.327,7"
20,19,19,19,2.706.802,piacabucu,AL,piacabucu al,15.890,"2,41","4,34","2,5","4,5","9,84","5,7","6,23","0,045","0,64","25.487,74","163.631.343,66","64,2",295,"6.587,67","26,13","516,74","1,75","24,42",15,20,16,17,17,"463.530,51","9.785.154.350,92"
21,20,20,20,2.705.507,murici,AL,murici al,25.083,"2,48","2,31","7,5","4,6","9,46","5,6","5,98","0,59","2,14","43.842,65","393.838.897,34","89,83",205,"32.179,78","177,71","1.167,78","5,7","258,23",18,23,19,20,20,"1.047.531,33","23.551.566.060,9"
22,21,21,21,2.704.203,limoeiro de anadia,AL,limoeiro de anadia al,24.717,"2,09","5,05","2,5","4,53","9,18","5,44","6,23","0,15","1,39","32.332,08","316.118.857,52","97,77",1.535,"18.788,5","14,04","2.022,05","1,32","13,81",15,20,16,17,17,"1.813.836,48","18.903.907.679,65"
23,22,22,22,2.706.000,olivenca,AL,olivenca al,10.812,"2,16","8,4","4,5","4,55","8,1","4,93","6,48","0,067","0,075","18.153,87","180.177.747,92","99,25",1.538,"9.689,54","7,21","1.592,45","1,04","8,53",21,24,21,23,22,"1.428.475,58","10.774.629.325,61"
24,23,23,23,2.700.706,batalha,AL,batalha al,16.434,"2,25","4,49","4,5","4,53","8,38","5,05","6,47","4,12","2,14","34.586,18","342.216.576,87","98,95",1.369,"27.181,25","23,8","2.393,6","1,75","24,33",21,25,21,23,22,"2.147.133,14","20.464.551.297,09"
25,24,35,35,2.700.409,atalaia,AL,atalaia al,37.455,"2,18","2,69","7,5","4,57","9,45","5,58","6,05","0,34","1,73","55.881,17","551.360.931,02","98,67",462,"45.421,87","111,72","1.997,66","4,32","148,78",18,23,19,20,20,"1.791.959,9","32.971.383.675,27"
26,25,24,24,2.702.504,dois riachos,AL,dois riachos al,9.805,"2,24","7,93","4,5","4,55","8,18","4,98","6,43","0,15","1,48","14.845,23","145.791.249,48","98,21",1.192,"9.261,68","8,66","1.344,87","1,13","10,13",20,24,21,22,22,"1.206.390,56","8.718.316.719,02"
27,26,25,25,2.707.305,porto calvo,AL,porto calvo al,24.059,"2,29","2,89","7,5","4,69","9,83","5,74","5,77","3,39","2,22","32.986,16","322.831.165,5","97,87",1.037,"27.609,88","31,53","1.581,73","1,53","18,51",22,27,23,23,24,"1.418.857,67","19.305.303.696,91"
28,27,26,26,2.708.402,sao jose da tapera,AL,sao jose da tapera al,30.590,"2,21","7,74","4,5","4,56","7,7","4,72","6,61","0,024","1,82","51.082,63","505.921.721,98","99,04",5.177,"40.104,16","10,25","6.367,09","1,23","12,04",20,23,20,22,21,"5.711.468,4","30.254.118.974,58"
29,28,27,27,2.702.553,estrela de alagoas,AL,estrela de alagoas al,15.426,"2,19","8,57","4,5","4,55","8,55","5,17","6,31","0,047","0,023","27.215,87","268.103.547,19","98,51",4.415,"21.832,94","5,91","3.891,94","0,88","6,18",21,25,21,23,22,"3.491.190,44","16.032.592.121,86"
30,29,28,28,2.701.209,cacimbinhas,AL,cacimbinhas al,10.473,"2,2","4,43","4,5","4,55","8,41","5,09","6,38","0,14","0,3","29.427,83","292.115.860,22","99,27",1.062,20.860,"21,61","1.715,61","1,62","20,77",17,21,17,19,18,"1.538.955,57","17.468.528.441,27"
31,30,29,29,2.703.809,joaquim gomes,AL,joaquim gomes al,17.120,"2,5","2,85","7,5","4,64","9,47","5,61","5,9","0,76","1,07","31.579,73","241.855.367,63","76,59",514,"19.015,12","41,89","1.277,07","2,48","49,12",19,24,20,21,21,"1.145.568,18","14.462.950.984,08"
32,31,30,30,2.706.901,pilar,AL,pilar al,35.361,"2,34","2,48","2,5","4,56","9,61","5,65","6,04","0,28","2,79","27.217,32","265.476.138,1","97,54",167,"19.484,45","123,99","823,1","4,93","193,31",13,18,14,15,15,"615.283,35","13.228.675.961,63"
33,32,36,36,2.705.200,messias,AL,messias al,15.340,"2,41","2,14","7,5","4,6","9,62","5,67","5,94",0,"0,65","11.979,07","116.970.081,79","97,65",62,"11.150,8","216,17","337,19","5,44","235,37",18,23,19,19,20,"302.468,18","6.994.810.891,1"
34,33,37,37,2.707.008,pindoba,AL,pindoba al,2.715,"2,12","2,87","7,5","4,56","9,19","5,47","6,13",0,0,"12.307,73","122.745.570,83","99,73",249,"8.497,95","37,13","571,28","2,29","41,89",18,23,19,20,20,"512.454,56","7.340.185.135,57"
35,34,31,31,2.703.007,ibateguara,AL,ibateguara al,13.697,"2,46","2,86","7,5","4,65","9,25","5,51","5,92","3,84","2,17","27.831,23","276.557.906,72","99,37",507,"20.479,19","43,6","1.010,59","1,99","31,62",22,27,23,24,24,"906.532,35","16.538.162.822,08"
36,35,47,47,2.705.309,minador do negrao,AL,minador do negrao al,4.843,"2,26","4,73","4,5","4,56","8,4","5,1","6,34","0,15","0,26","17.480,01","171.975.070,78","98,38",873,"15.115,27","19,88","1.376,8","1,58","19,79",17,21,18,19,19,"1.235.035,17","10.284.109.232,71"
37,36,32,32,2.701.704,capela,AL,capela al,14.896,"2,17","2,74","7,5","4,59","9,3","5,53","6,04","0,92","1,39","26.528,78","263.361.492,01","99,27",302,"21.278,81","77,74","1.064,39","3,52","98,85",19,24,20,20,21,"954.787,32","15.749.017.222,38"
38,37,48,48,2.704.005,junqueiro,AL,junqueiro al,23.868,"2,09","7,07","2,5","4,53","9,32","5,5","6,22","0,76","5,17","25.829,01","248.976.134,82","96,39",2.296,"18.002,24","9,45","2.546,36","1,11","9,79",18,23,19,20,20,"2.284.161,27","14.888.772.862,27"
39,38,49,49,2.700.508,barra de santo antonio,AL,barra de santo antonio al,16.307,"2,69","2,13","7,5","4,63","9,92","5,79","5,85","0,044","0,6","13.802,59","127.607.010,19","92,45",65,"11.329,21","181,13","387,85","5,97","283,33",18,23,19,19,20,"347.915,51","7.630.899.209,32"
40,39,50,50,2.703.601,japaratinga,AL,japaratinga al,9.183,"2,47","2,91","7,5","4,69",10,"5,81","5,73","0,9","1,23","9.017,92","83.898.823,25","93,04",228,"4.823,93","24,08","340,8","1,49","17,78",19,25,21,21,22,"305.706,42","5.017.149.630,23"
41,40,51,51,2.702.306,coruripe,AL,coruripe al,50.286,"2,29","2,65","2,5","4,52","9,75","5,68","6,16","1,05","4,33","93.953,62","924.496.975,67","98,4",620,"59.983,98","110,73","3.340,38","5,39","230,99",14,19,15,16,16,"2.996.419,26","55.284.919.144,93"
42,41,52,52,2.707.107,piranhas,AL,piranhas al,22.594,"2,45","4,62","4,5","4,58","7,37","4,55","6,7","0,08","1,35","41.994,48","400.030.229,28","95,26",1.636,"30.102,94","21,04","2.865,11","1,75","24,41",17,20,17,19,18,"2.570.093,6","23.921.807.711,18"
43,42,33,33,2.705.606,novo lino,AL,novo lino al,10.015,"2,26","2,69","7,5","4,67","9,56","5,64","5,83",0,0,"23.039,62","213.343.769,95","92,6",402,"18.129,21","51,88",1.004,"2,5","49,64",18,23,19,19,20,"900.618,34","12.757.957.442,77"
44,43,38,38,2.708.956,senador rui palmeira,AL,senador rui palmeira al,12.281,"2,13","7,4","4,5","4,57","7,58","4,68","6,61","0,23","3,65","35.229,98","351.021.123,82","99,64",2.683,"27.325,09","11,76","3.599,97","1,34","14,33",20,23,20,22,21,"3.229.280,69","20.991.063.204,26"
45,44,39,39,2.703.502,jacuipe,AL,jacuipe al,5.322,"2,2","2,69","7,5","4,7","9,71","5,69","5,75","0,27","0,14","22.044,87","219.670.789,44","99,65",268,"18.545,28","79,77","663,95","2,48","48,84",18,23,19,19,20,"595.584,26","13.136.313.208,22"
46,45,40,40,2.702.207,coqueiro seco,AL,coqueiro seco al,5.571,"2,76","1,23","1,5","4,57","9,85","5,75","5,97","0,45","1,11","4.156,07","40.699.827,39","97,93",19,"2.076,67","116,89","124,37","6,55","340,96",12,17,13,13,14,"92.968,05","2.028.072.398,65"
47,46,41,41,2.709.400,vicosa,AL,vicosa al,23.988,"2,18","2,88","7,5","4,57","9,11","5,44","6,11","0,21","1,53","38.229,27","378.292.999,26","98,95",790,"31.178,67","41,79","1.808,66","2,29","41,71",18,23,19,20,20,"1.622.424,72","22.621.921.355,66"
48,47,42,42,2.704.807,maribondo,AL,maribondo al,13.669,"2,18","2,89","7,5","4,55","9,24","5,48","6,14","1,03","0,77","18.852,11","186.916.822,06","99,15",507,"12.841,4","26,74",1.061,"2,09","34,85",19,24,20,21,21,"951.749,15","11.177.625.959,27"
49,48,43,43,2.708.105,santana do mundau,AL,santana do mundau al,11.320,"2,27","4,81","7,5","4,6","9,04","5,42","6,05","1,75","0,97","24.317,07","241.812.713,64","99,44",1.281,"17.461,61","15,02","1.873,74","1,46","17,03",22,26,23,23,24,"1.680.800,15","14.460.400.275,92"
50,49,44,44,2.707.909,santa luzia do norte,AL,santa luzia do norte al,6.918,"2,63",1,"4,5","4,58","9,8","5,73","5,97","0,68","1,72","3.027,67","29.159.898,16","96,31",16,"1.539,56","137,69","120,23","7,51","449,31",14,20,16,16,16,"107.845,8",1.743.761.910
51,50,45,45,2.706.604,paulo jacinto,AL,paulo jacinto al,6.576,"2,1","4,25","7,5","4,56","8,96","5,37","6,17",0,0,"12.392,71","122.780.988,78","99,08",469,"8.832,54","20,06","774,82","1,65","21,72",19,24,20,21,21,"695.038,67","7.342.303.128,92"
52,51,46,46,2.701.803,carneiros,AL,carneiros al,8.916,"2,13","7,82","4,5","4,56","7,83","4,8","6,56","0,24","0,8","11.630,43","114.747.361,1","98,66",1.155,"8.588,43","9,43","1.299,88","1,13","10,08",20,24,20,22,22,"1.166.029,91","6.861.892.193,66"
53,52,53,53,2.708.204,sao bras,AL,sao bras al,6.555,"2,34","4,8","7,5","4,51","9,03","5,33","6,39",0,"0,068","14.503,16","106.947.968,52","73,74",382,"5.384,66","16,68","622,03","1,63","21,1",20,25,21,22,22,"557.982,04","6.395.488.517,76"
54,53,54,54,2.702.355,craibas,AL,craibas al,25.329,"2,13","8,1","4,5","4,53","8,71","5,22","6,34","0,11","0,85","28.987,05",282.458.360,"97,44",3.729,"20.015,5","7,26","3.752,71","1,01","8,06",20,25,21,22,22,"3.366.294,02","16.891.009.928,01"
55,54,55,55,2.704.906,mar vermelho,AL,mar vermelho al,3.155,"2,12","4,6","7,5","4,56","9,05","5,4","6,18",0,0,"9.597,68","95.360.494,16","99,36",534,"7.932,19","16,1","810,82","1,52","18,35",20,24,21,21,22,"727.331,43","5.702.557.550,91"
56,55,56,56,2.706.703,penedo,AL,penedo al,58.554,"2,31","4,07","2,5","4,51","9,61","5,6","6,26","0,1","1,56","72.008,3","702.672.325,7","97,58",1.699,"44.397,8","31,03","3.425,6","2,02","32,35",14,20,16,16,16,"3.072.865,35",42.019.805.077
57,56,57,57,2.701.001,boca da mata,AL,boca da mata al,21.162,"2,24","2,74","4,5","4,55","9,46","5,58","6,11","1,01","2,93",20.208,"198.146.763,36","98,05",264,"14.183,31","56,72","815,26","3,09","75,89",16,21,17,18,18,"731.312,03","11.849.176.448,65"
58,57,58,58,2.706.307,palmeira dos indios,AL,palmeira dos indios al,71.448,"2,24","8,23","4,5","4,55","8,76","5,27","6,25","1,07","3,61","47.134,41","376.196.715,16","79,81",4.790,"30.366,21","8,2","5.000,04","1,04","8,67",22,26,22,23,23,"4.485.189,26","22.496.563.566,75"
59,58,59,59,2.701.506,campo grande,AL,campo grande al,8.140,"2,14","4,92","4,5","4,51","9,06","5,36","6,34",0,0,"17.767,57","172.116.537,95","96,87",2.168,"14.713,18","16,67","3.630,97","1,67","22,32",17,22,18,19,19,"3.257.090,73","10.292.568.969,13"
60,59,60,60,2.705.408,monteiropolis,AL,monteiropolis al,7.184,"2,11","7,06","4,5","4,54","8,03","4,88","6,54","0,6","0,3","9.020,52","88.563.719,93","98,18",833,"6.595,83","8,85","799,72","0,96","7,33",20,23,20,22,21,"717.370,12","5.296.110.451,78"
61,60,61,61,2.702.801,flexeiras,AL,flexeiras al,9.616,"2,49","2,62","7,5","4,62","9,61","5,66","5,91","0,71","0,59","35.032,68","326.299.820,05","93,14",344,"27.472,68","84,87","1.157,42","3,36","90,09",19,24,20,20,21,"1.038.240,15","19.512.729.238,78"
62,61,62,62,2.708.709,sao miguel dos milagres,AL,sao miguel dos milagres al,8.473,"2,63","2,74","7,5","4,66","9,99","5,81","5,78","1,02","1,61","8.081,9","76.728.914,87","94,94",110,"6.349,73","63,19","313,22","2,85","64,52",20,25,21,21,22,"280.967,56","4.588.389.109,13"
63,62,63,63,2.700.201,anadia,AL,anadia al,13.966,"2,1","2,9","4,5","4,54","9,3","5,5","6,16","0,52","0,88","19.474,36","190.453.833,23","97,8",618,"14.009,15","27,97","1.255,83","2,03","32,86",16,20,17,17,18,"1.126.516,8","11.389.139.226,88"
64,63,64,64,2.705.002,mata grande,AL,mata grande al,21.840,"5,53","5,03","4,5","4,62","7,02","4,43","6,69","0,18","0,57","94.541,4","942.368.357,76","99,68",5.024,"63.465,77","14,48","7.664,73","1,53","18,52",21,23,21,23,22,"6.875.490,35","56.353.627.793,87"
65,64,65,65,2.703.304,inhapi,AL,inhapi al,15.166,"2,22","5,14","4,5","4,6","7,24","4,52","6,68","0,33","1,9","38.679,49","384.994.004,75","99,53",2.277,"25.282,47","12,6","3.216,68","1,41","15,88",18,20,18,20,19,"2.885.461,61","23.022.641.484,1"
66,65,66,66,2.702.009,coite do noia,AL,coite do noia al,10.802,"2,2","9,11","4,5","4,54","8,96","5,35","6,26","0,27","1,33","9.232,7","87.961.289,82","95,27",1.701,"5.802,75","3,88","1.498,69","0,88","6,18",22,26,22,23,23,"1.344.367,47","5.260.085.131,24"
67,66,67,67,2.705.903,olho dagua grande,AL,olho dagua grande al,4.329,"2,18","7,23","4,5","4,51","9,06","5,35","6,37",0,"0,1","12.059,09","119.747.874,57","99,3",1.931,"10.341,58","12,42","2.696,54","1,4","15,52",19,24,20,21,21,"2.418.877,67","7.160.922.899,23"
68,67,68,68,2.709.202,traipu,AL,traipu al,23.536,"2,32","7,09","4,5","4,52","8,71","5,19","6,42","0,66",1,"70.933,39","701.273.120,23","98,86",4.299,"45.046,41","12,98","6.098,59","1,42","16,01",20,24,21,22,22,"5.470.620,13","41.936.132.589,5"
69,68,69,69,2.704.609,maravilha,AL,maravilha al,9.533,"2,19",5,"4,5","4,58","7,64","4,72","6,55","0,076","0,18","34.779,6","346.080.372,56","99,51",1.964,"25.337,08","14,61","2.892,81","1,47","17,26",17,20,17,19,18,"2.594.940,93","20.695.606.278,89"
70,69,70,70,2.706.422,pariconha,AL,pariconha al,10.572,"2,44","5,07","4,5","4,64","6,69","4,24","6,84",0,"0,084","26.440,1","259.078.050,44","97,99",870,"10.888,39","13,16","1.281,59","1,47","17,27",18,20,17,20,19,"1.149.622,77","15.492.867.416,04"
71,70,71,71,2.702.900,girau do ponciano,AL,girau do ponciano al,35.310,"2,15","7,49","4,5","4,52","8,77","5,23","6,38","0,071","0,62","54.052,2","529.990.492,43","98,05",4.895,"41.498,33","11,35","6.027,56","1,23","12,07",20,24,20,22,22,"5.406.901,48","31.693.431.447,38"
72,71,72,72,2.707.701,rio largo,AL,rio largo al,93.887,"2,4","2,31","7,5","4,59","9,67","5,68","5,98","0,054","1,24","30.824,09","291.162.521,27","94,46",163,"25.923,57","167,93","738,21","4,53","163,22",18,23,19,19,20,"662.196,21","17.411.518.772,03"
73,72,73,73,2.706.406,pao de acucar,AL,pao de acucar al,23.806,"2,4","4,54","4,5","4,55","7,82","4,76","6,61","0,3","0,46","71.685,45","712.706.755,02","99,42",3.216,"56.145,41","22,48","6.226,88","1,94","29,83",17,21,18,19,19,"5.585.700,48","42.619.863.950,31"
74,73,74,74,2.708.808,sao sebastiao,AL,sao sebastiao al,31.647,"2,13","8,58","4,5","4,52","9,29","5,47","6,27","0,046","1,72","32.690,43","301.861.571,7","92,34",4.791,"24.832,52","6,46","4.468,91","0,93","6,92",21,26,22,23,23,"4.008.747,78","18.051.321.987,94"
75,74,75,75,2.701.605,canapi,AL,canapi al,15.545,"2,29","4,92","4,5","4,6","7,38","4,61","6,59","0,14","0,17","62.524,18","622.758.387,63","99,6",3.014,"40.963,54","17,24","5.005,86","1,66","21,95",17,20,17,19,18,"4.490.407,85","37.240.951.580,32"
76,75,76,76,2.706.448,paripueira,AL,paripueira al,13.819,"2,7","2,32","7,5","4,62","9,92","5,79","5,88","1,96","4,09","9.750,33","91.784.179,1","94,13",62,"7.893,59","134,92","338,93","5,47","237,81",20,25,21,21,22,"304.028,92","5.488.693.910,15"
77,76,77,77,2.705.101,matriz de camaragibe,AL,matriz de camaragibe al,23.771,"2,33","2,77","7,5","4,66","9,72","5,7","5,83","3,78","4,68","25.018,19","214.874.647,2","85,89",352,"19.654,29","61,02","867,68","2,46","48,35",22,27,23,23,24,"778.332,19","12.849.503.902,64"
78,77,78,78,2.700.300,arapiraca,AL,arapiraca al,233.950,"2,1","8,53","4,5","4,53","8,99","5,35","6,29","1,16","3,75","36.171,92","304.563.729,56","84,2",3.135,"16.480,44","5,99","2.986,09","0,95","7,22",22,26,23,24,24,"2.678.616,36","18.212.911.027,42"
79,78,79,79,2.703.403,jacare dos homens,AL,jacare dos homens al,5.081,"2,14","4,33","4,5","4,54","8,16","4,94","6,51","0,43","1,53","15.558,88","154.387.174,9","99,23",680,"12.972,63","20,96","1.002,75","1,47","17,3",17,21,17,19,18,"899.495,74","9.232.353.059,19"
80,79,80,80,2.702.108,colonia leopoldina,AL,colonia leopoldina al,15.802,"2,46","2,86","7,5","4,66","9,4","5,57","5,87","1,94","2,01","21.149,03","206.069.366,15","97,44",497,"14.317,8","35,42","1.142,1","2,3","42,02",20,25,21,22,22,"1.024.501,63","12.322.948.096,07"
81,80,81,81,2.709.301,uniao dos palmares,AL,uniao dos palmares al,58.528,"2,3","4,26","7,5","4,62","9,23","5,5","5,99","4,82","5,05","44.038,5","429.851.797,51","97,61",1.522,"29.186,73","21,72","2.302,03","1,51","18,2",25,29,25,26,26,"3.617.969,86","45.039.871.343,44"
82,81,82,82,2.708.006,santana do ipanema,AL,santana do ipanema al,46.093,"2,33","8,37","4,5","4,56","7,97","4,88","6,48","0,23","2,06","45.443,09","447.541.606,41","98,48",5.060,"32.199,28","7,42","5.253,85","1,04","8,58",21,24,21,23,22,"4.712.858,85","26.762.988.063,08"
83,82,83,83,2.704.708,marechal deodoro,AL,marechal deodoro al,60.268,"2,43","2,51","2,5","4,56","9,79","5,73","6,01","0,22","2,68","35.760,34","333.329.909,49","93,21",196,"20.068,48","104,71","938,05","4,79","182,28",13,18,14,15,15,"701.209,55","16.609.829.389,87"
84,83,84,84,2.707.800,roteiro,AL,roteiro al,6.468,"2,38","1,73","2,5","4,54","9,85","5,74","6,05","0,11","0,68","13.509,46","134.121.624,04","99,28",32,"11.976,46","383,69","387,52","12,11","1.167,05",12,18,13,14,14,"289.682,34","6.683.280.526,06"
85,84,85,85,2.706.505,passo de camaragibe,AL,passo de camaragibe al,13.791,"2,54","2,59","7,5","4,65","9,9","5,78","5,82","0,37","1,85","26.400,39","249.828.844,79","94,63",196,"22.389,23","119,36","760,2","3,88","119,71",19,24,20,20,21,"681.919,93","14.939.764.918,53"
86,85,86,86,2.700.805,belem,AL,belem al,4.719,"2,23","7,03","4,5","4,55","9,01","5,38","6,22","0,31","0,25","6.967,38","68.265.647,17","97,98",501,"5.102,43","11,32","565,41","1,13","10,14",20,24,20,21,21,"507.193,44","4.082.285.700,92"
87,86,87,87,2.707.404,porto de pedras,AL,porto de pedras al,9.227,"2,46","2,79","7,5","4,67","9,92","5,78","5,77","5,86","3,17","26.977,6","260.481.054,32","96,55",353,"20.096,6","61,37","852,32","2,41","46,39",24,30,25,25,26,"1.339.542,47","27.293.204.872,06"
88,87,88,88,2.706.109,ouro branco,AL,ouro branco al,11.446,"2,09","8,04","4,5","4,58","7,6","4,72","6,52","0,063","0,032","20.446,99","202.787.672,86","99,18",2.272,"16.973,81",9,"2.601,79","1,15","10,44",20,23,20,22,21,"2.333.881,54","12.126.702.836,89"
89,88,89,89,2.708.907,satuba,AL,satuba al,24.278,"2,3","1,78","2,5","4,58","9,76","5,72","5,97","0,21","0,36","4.329,48","39.516.810,84","91,27",31,"2.659,98","93,82","137,29","4,43","156,09",12,18,14,14,14,102.630,"1.969.122.684,13"
90,89,90,90,2.701.308,cajueiro,AL,cajueiro al,16.020,"2,26","2,67","7,5","4,58","9,26","5,51","6,07","0,09","1,38","11.225,67","109.969.707,09","97,96",97,"9.099,78","102,18","392,26","4,04","130,14",18,23,19,20,20,"351.869,74","6.576.188.483,84"
91,90,91,91,2.702.603,feira grande,AL,feira grande al,22.710,"2,12","8,52","4,5","4,52","9,08","5,38","6,31","0,71","2,02","18.377,06","173.736.003,95","94,54",2.237,"11.723,81","6,48","2.132,58","0,95","7,23",21,26,22,23,23,"1.912.990,88","10.389.413.036,27"
92,91,92,92,2.708.501,sao luis do quitunde,AL,sao luis do quitunde al,30.863,"2,35","2,72","7,5","4,64","9,75","5,72","5,87",10,"5,48","41.726,76","413.251.187,68","99,04",468,"38.890,22","88,97","1.461,42","3,12","77,6",28,33,29,29,30,"2.296.830,59","43.300.459.445,51"
93,92,93,93,2.701.357,campestre,AL,campestre al,6.661,"2,1","2,82","7,5","4,69","9,62","5,66","5,79",0,0,"6.833,34","67.695.304,27","99,07",197,"5.708,43","37,88","418,47","2,12","35,91",18,23,19,19,20,"375.382,75","4.048.179.195,64"
94,93,94,94,2.703.908,jundia,AL,jundia al,4.088,"2,13","2,9","7,5","4,68","9,65","5,67","5,8","2,12","1,28","9.329,59","92.734.345,45","99,4",370,"7.184,59","22,73","645,22","1,74","24,2",20,25,21,21,22,"578.779,45","5.545.513.857,91"
95,94,95,95,2.703.106,igaci,AL,igaci al,23.986,"2,15","8,55","4,5","4,54","8,78","5,27","6,29",0,"0,55","34.928,85","342.393.105,19","98,03",5.008,"26.538,53","6,53","4.732,09","0,94","7,11",21,25,21,22,22,4.244.827,"20.475.107.690,3"
96,95,96,96,2.709.004,tanque darca,AL,tanque darca al,5.788,"2,16","4,56","7,5","4,55","9,09","5,41","6,19",0,0,"13.035,48","128.964.520,21","98,93",771,"9.784,02","14,2","1.052,21","1,36","14,82",20,24,21,21,22,"943.862,35","7.712.078.308,68"
97,96,97,97,2.705.705,olho dagua das flores,AL,olho dagua das flores al,20.640,"2,19","8,02","4,5","4,55","8,04","4,89","6,52","0,12","0,15","19.627,01","192.868.182,31","98,27",1.813,"12.375,68","8,17","1.959,87","1,08","9,3",20,24,21,22,22,"1.758.063,23","11.533.517.302,35"
98,97,98,98,2.704.401,major isidoro,AL,major isidoro al,17.684,"2,16","4,84","4,5","4,54","8,37","5,06","6,42","0,061","0,23","45.643,43","452.950.801,83","99,24",2.217,"34.514,77","17,09","3.299,49","1,49","17,63",17,21,18,19,19,"2.959.739,11","27.086.457.949,51"
99,98,99,99,2.700.904,belo monte,AL,belo monte al,5.935,"2,35","4,56","4,5","4,53","8,34","5,02","6,5","0,79","0,39","33.646,06","335.411.769,46","99,69",1.355,"25.872,32","22,86","2.601,77","1,92","29,34",18,22,18,20,20,"2.333.866,51","20.057.623.813,43"
100,99,100,100,2.702.702,feliz deserto,AL,feliz deserto al,3.962,"2,26","2,9","2,5","4,51","9,82","5,7","6,2","0,18","0,77","11.515,5","107.523.774,91","93,37",203,"6.529,33","33,83","483,43","2,38","45,13",13,19,15,15,16,"433.649,23","6.429.921.739,55"
101,100,101,101,2.707.503,porto real do colegio,AL,porto real do colegio al,20.049,"2,16","7,48","4,5","4,51","9,2","5,41","6,35","0,2","0,14","24.750,86","229.314.085,54","92,65",2.961,"18.558,54","10,55","3.634,74","1,23","11,99",20,25,21,22,22,"3.260.474,43","13.712.982.315,07"
102,101,102,102,2.706.208,palestina,AL,palestina al,4.309,"2,11","4,71","4,5","4,54","8,11","4,91","6,54","0,33","0,17","3.977,53","38.761.363,01","97,45",283,"3.134,4","11,92","293,57","1,04","8,56",17,21,18,19,19,"263.345,53","2.317.929.508,06"
